{"R": 124.5041964553833, "G": 115.83945346603393, "B": 106.16170784606933}