{"val_loss": [1.6878673753738402, 1.5949840097427368, 1.4500815623283385, 1.1140707035064696, 1.1392991334915161, 1.1113382612228393, 1.0453549083709717, 1.1327886098861695, 1.231115889930725, 1.0855417850494384, 1.0156832586288451, 1.253335730743408, 1.1624362054824828, 1.0263905566215514, 0.9570529234886169, 1.0528492012023927, 1.1252095529556274, 0.8716588086128235, 0.9133268866539002, 0.9580279692649841, 0.9086207143783569, 0.9206201076507569, 0.9243042137145996, 1.012246270275116, 0.9068178120613098, 0.893626221370697, 0.8765475693702698, 0.9001206977844238, 0.8984496122360229, 0.8630917459487915, 0.8560660034179688, 0.9002793566703796, 0.8666225607872009, 0.8472368864059449, 0.8487463544845582, 0.8180879454612732, 0.8174894898414612, 0.9426855650901794, 0.8402727209091186, 0.8133150080680848, 0.788828416442871, 0.8617067462921143, 0.8399970982551574, 0.796326404762268, 0.8337816385269166, 0.8206622780799866, 0.8298930782318116, 0.7631653298377991, 0.8204678087234497, 0.8632827379226684], "val_acc": [0.5486, 0.5957, 0.6478, 0.732, 0.7369, 0.7453, 0.7651, 0.7454, 0.7179, 0.7609, 0.7836, 0.7269, 0.7444, 0.7843, 0.8027, 0.7773, 0.7543, 0.8327, 0.8226, 0.8093, 0.8202, 0.8157, 0.8173, 0.7891, 0.821, 0.8305, 0.8283, 0.8229, 0.823, 0.8378, 0.8366, 0.8204, 0.8329, 0.8387, 0.8449, 0.8536, 0.8461, 0.8104, 0.8379, 0.8448, 0.8575, 0.8336, 0.8432, 0.8559, 0.8434, 0.8428, 0.8408, 0.8587, 0.8412, 0.8358], "loss": [2.2349772685771945, 1.529492922673575, 1.2944778202055662, 1.177710045044368, 1.1083018790824346, 1.0654547984425242, 1.0416368536562863, 1.0203408004571106, 1.0004396765345838, 0.9857578584104252, 0.9774765957253048, 0.9636354134550775, 0.9604677877439889, 0.9466129322674959, 0.9392896948851648, 0.9297819808435639, 0.9245080747857828, 0.9166418518197105, 0.9090546603925023, 0.9011350716301695, 0.8927780494757123, 0.8864572185031734, 0.88407228273953, 0.8754089813258379, 0.8677707865495465, 0.8605849073744721, 0.8608972274871579, 0.8536624596014337, 0.8483787108566988, 0.8389381121604289, 0.8424483319524386, 0.8302387437337948, 0.8281019088399743, 0.8176251987864335, 0.815908230938974, 0.8055089941171358, 0.8020268256680309, 0.8002991199569751, 0.7888565318843245, 0.7822352330958733, 0.7851299391203571, 0.7693146191229623, 0.7724178842806564, 0.7655130160034295, 0.7596245851800719, 0.7510683453315884, 0.7435278771513745, 0.736028260483102, 0.7384184242592688, 0.7221344317757774], "acc": [0.41134325968619917, 0.6013248479026577, 0.6727905859750241, 0.7145973422990715, 0.7389129042587256, 0.7552233429394812, 0.7640890169708614, 0.7734550112071726, 0.7816202369516491, 0.7867435158501441, 0.7931075888568684, 0.7965898174831892, 0.7988112391930836, 0.8043347742555236, 0.8080771693884086, 0.809978386167147, 0.8141810758885687, 0.8158821645853346, 0.8173230867755363, 0.8215658021133525, 0.8247078130003203, 0.8260886967659302, 0.8288504642971501, 0.829891130323407, 0.8333733589497279, 0.8363552673711175, 0.8345741274415626, 0.8371958053154018, 0.840217739353186, 0.8421589817483189, 0.8421389689401216, 0.8462015690041627, 0.8465217739353186, 0.8486431316042267, 0.8484029779058597, 0.8525856548190842, 0.852005283381364, 0.8542467178994556, 0.8559878322126161, 0.8585894972782581, 0.8565682036503363, 0.8645333013128402, 0.8596902017291066, 0.8614113032340698, 0.8635326609029779, 0.8653938520653218, 0.8678554274735831, 0.8704771053474224, 0.8678554274735831, 0.875080051232789]}