{"val_loss": [2.11554769077301, 1.917387873840332, 1.9357210311889648, 1.8444259212493896, 1.7897800420761107, 1.696561866569519, 1.4416676054000854, 1.3698993701934814, 1.5410557641983031, 1.368920107460022, 1.7447161876678468, 1.471683445930481, 1.3102670944213868, 1.1628177404403686, 1.0791284938812256, 1.0920513506889342, 1.085912006855011, 1.0710104619979859, 1.0639629658699035, 1.0180554080963136, 0.9879070143699646, 0.8333456789970398, 0.7901247436523438, 0.8433507956504822, 0.8707445832252503, 0.8422644236564636, 0.8210829309463501, 0.7260028401374817, 0.7294514316558838, 1.763144627380371, 1.4583695873260498, 1.3330104395866393, 1.283729730796814, 1.1162005281448364, 1.1572548610687257, 0.9839092132568359, 1.0054585565567016, 1.0002165687561035, 0.9082876912117004, 0.860684699344635, 0.851727539730072, 0.8112139009475708, 0.8036847748756408, 0.8036554327964782, 0.7949861124038696, 0.8318774297714233, 0.7444304102897644, 0.7784078282833099, 0.7409325843811035, 0.7557392411231995, 0.7481996196269989, 0.7093615237236023, 0.6604212055206299, 0.7218208980560302, 0.6713220271110535, 0.7286909761428833, 0.6437783873558044, 0.7120582798957825, 0.6643936593055725, 0.6177716128349304, 0.7233360252380371, 0.7568950701713562, 0.6846350918769837, 0.6248038178443909, 0.6559819053173065, 0.7057467499732971, 0.6707273725509644, 0.657733840751648, 0.7007888114929199, 0.6257714597702027, 0.6282864332199096, 0.600104867553711, 0.6539556366920471, 0.6184065264701843, 0.6178110584735871, 0.6167141945362091, 0.6253009716510772, 0.6112195242881775, 0.690756947517395], "val_acc": [0.3944, 0.4657, 0.4718, 0.5026, 0.527, 0.5598, 0.6434, 0.6784, 0.6377, 0.6833, 0.5396, 0.638, 0.6995, 0.7444, 0.77, 0.7635, 0.7761, 0.7802, 0.7746, 0.7959, 0.7913, 0.8354, 0.8497, 0.8317, 0.825, 0.8296, 0.8304, 0.8624, 0.8573, 0.5257, 0.6439, 0.6998, 0.7125, 0.7641, 0.748, 0.8031, 0.7904, 0.8012, 0.8191, 0.8349, 0.8325, 0.8431, 0.8432, 0.8471, 0.8471, 0.8318, 0.8566, 0.8421, 0.8562, 0.8548, 0.8521, 0.8602, 0.8762, 0.8579, 0.8731, 0.8542, 0.8806, 0.8559, 0.8693, 0.884, 0.8565, 0.8509, 0.8657, 0.8802, 0.868, 0.8609, 0.8665, 0.864, 0.8619, 0.8791, 0.8794, 0.8882, 0.8768, 0.8854, 0.8815, 0.8818, 0.8814, 0.8846, 0.8659], "loss": [2.345197446529682, 2.062949025630951, 1.9411888923400487, 1.8134638100135616, 1.7180597491753407, 1.6348702388795258, 1.5581139115186837, 1.4821099136120235, 1.4041798537135584, 1.3620029661899957, 2.048132619986044, 1.5856883886186426, 1.3514315927788267, 1.2008614267556286, 1.1099468731284714, 1.0328272128387632, 0.9800477406553377, 0.9317457098591377, 0.8959009496592345, 0.854733843853792, 0.8287102798601774, 0.7993280666782198, 0.7715874419852095, 0.7490687680824651, 0.733091295490729, 0.7130504165213344, 0.6977825825732754, 0.6801989775722392, 0.6619506068253341, 2.0553668808410306, 1.6066419280495279, 1.3535669002630677, 1.2075017824258478, 1.112046859373544, 1.0402560023745397, 0.9762023491734234, 0.9383912409035167, 0.8967033925248842, 0.8599595270437802, 0.825165345983325, 0.8004147068567853, 0.7738493354397632, 0.7515267355488616, 0.731430107456272, 0.7101854250631843, 0.6942319976875044, 0.6827401861982624, 0.6650851414328083, 0.6466873668150912, 0.6385998410213616, 0.6297379099822678, 0.619570164775146, 0.6116502712332511, 0.5922930795357009, 0.5929315722488724, 0.5817448151939922, 0.5747650764784751, 0.563509083341949, 0.5586131468744489, 0.5494629585834562, 0.5476010449986942, 0.5404554464058963, 0.5348124479087087, 0.5259600056694976, 0.5269103415245968, 0.5223280600809799, 0.5214438421053099, 0.5123869061260021, 0.5067833070948916, 0.5029716755368181, 0.5011731897586056, 0.4973458214430437, 0.4940633400749656, 0.49267630143078556, 0.4902894673746746, 0.49127142033514365, 0.4862032247742437, 0.4763204157066162, 0.4829524376245023], "acc": [0.29927884615384615, 0.4113782051282051, 0.46105769230769234, 0.5117137355584083, 0.5560897435897436, 0.5789473684210527, 0.605849358974359, 0.6386217948717948, 0.6698491655969191, 0.6820512820512821, 0.41354466858789624, 0.5963216458533461, 0.6800952609670189, 0.734390009606148, 0.7618876080691642, 0.7872838616714697, 0.8012728146013448, 0.8144012167787384, 0.8244876721101505, 0.8331932436759526, 0.8404779058597502, 0.8478226064681396, 0.8531460134486071, 0.8589497278258085, 0.8629923150816523, 0.8688560678834454, 0.8688360550752482, 0.8753001921229587, 0.8801633045148896, 0.4125240153698367, 0.5898775216138329, 0.6823567082933077, 0.7321685878962536, 0.7651496958053154, 0.784782260646814, 0.8053354146653858, 0.815181716298431, 0.8246477745757285, 0.8338736791546589, 0.8427593659942363, 0.8481428113992956, 0.8544068203650336, 0.859390009606148, 0.8637728146013448, 0.8690361831572206, 0.8728386167146974, 0.8744396413704771, 0.8779018571886007, 0.8835454691002241, 0.883445405059238, 0.8873278898495037, 0.8884285943003523, 0.8895693243675953, 0.8944324367595261, 0.8947926673070765, 0.8964737431956452, 0.8991954851104706, 0.9009966378482228, 0.9033181235991035, 0.9037584053794429, 0.9055795709253922, 0.9061199167467179, 0.9088416586615434, 0.9108629522894652, 0.9101024655779699, 0.9114833493435799, 0.9114316581306018, 0.9130765534913518, 0.9156860390650016, 0.9169068203650336, 0.9149655779699007, 0.9177736875800256, 0.919242472773863, 0.9186679474863912, 0.9197086135126481, 0.9196886007044508, 0.9215297790585975, 0.9243715978226065, 0.9220901376881204]}