{"val_loss": [4.851124665676019, 4.675030267564955, 4.506872547997369, 4.225319669634439, 4.187572846282124, 3.991006275306001], "val_acc": [0.0889423076923077, 0.11493558776167472, 0.14009661835748793, 0.17461755233494364, 0.1949476650563607, 0.21487520128824478], "loss": [5.528967872961487, 4.499226333449859, 4.132591278522046, 3.9293319569896323, 3.7908840293541557, 3.6734355469442224], "acc": [0.05490976173541963, 0.12268724426258673, 0.17184442270058709, 0.20615771215086284, 0.23526730119195874, 0.2596624266144814]}