{"val_loss": [4.851124665676019, 4.675030267564955, 4.506872547997369, 4.225319669634439, 4.187572846282124, 3.991006275306001, 5.160007935303908, 4.786935800899438, 4.766685233215971, 4.020943587528911, 4.07961265898749, 4.3026998246541535, 4.263067311902745, 4.248129386256858, 4.39824676744028, 4.110073834417714, 5.090786664913862, 4.917829846724485, 5.109454977206695, 5.169556064483447, 4.923612423432179, 5.275049432730063, 5.032920688438723, 5.059709476771946, 4.208785929349694, 4.7056796385662185, 4.2506889951401865, 5.108484326264797, 4.843675961241054, 4.462021502895632, 4.5989440243793185, 4.681359005819004, 4.47577171202827, 4.698984361885058, 4.3814747836470795, 4.342100317735411, 4.258461802094071, 3.7540605294723632, 4.080927583522459, 4.1559035474743435, 4.244277841994919, 3.7861023686358317, 4.234904331093633, 3.9004222075912303, 3.8739239666580962], "val_acc": [0.0889423076923077, 0.11493558776167472, 0.14009661835748793, 0.17461755233494364, 0.1949476650563607, 0.21487520128824478, 0.07061298076923077, 0.10718599033816426, 0.12077294685990338, 0.19202898550724637, 0.2000805152979066, 0.18136070853462158, 0.20762882447665057, 0.2056159420289855, 0.19061996779388085, 0.23681561996779388, 0.08143028846153846, 0.08733974358974358, 0.06630608974358974, 0.06229967948717949, 0.08653846153846154, 0.06310096153846154, 0.09329710144927536, 0.09923510466988728, 0.18126006441223833, 0.1401972624798712, 0.20360305958132044, 0.06901041666666667, 0.10235507246376811, 0.14281400966183574, 0.13415861513687602, 0.14170692431561996, 0.16374798711755234, 0.15942028985507245, 0.19092190016103058, 0.1917270531400966, 0.20783011272141708, 0.2655998389694042, 0.24174718196457326, 0.22383252818035426, 0.21356682769726248, 0.2781803542673108, 0.23560789049919484, 0.2646940418679549, 0.28250805152979064], "loss": [5.528967872961487, 4.499226333449859, 4.132591278522046, 3.9293319569896323, 3.7908840293541557, 3.6734355469442224, 5.5671154509906575, 4.534796235824772, 4.1631066376279415, 3.950935703773682, 3.801088515983911, 3.6882975322880838, 3.5913466928777606, 3.5131950477670677, 3.4467632943594335, 3.3941883094538534, 5.549241134486191, 5.5523144276349, 5.559213563693875, 5.568156380402415, 5.5527706614259635, 5.542280696025105, 4.507534966013266, 4.14016303174586, 3.9368840135134238, 3.7887359254620208, 3.674311083802293, 5.566731894168881, 4.517369561211492, 4.1502073698887045, 3.9526902615992205, 3.8013184130817432, 3.683735502039786, 3.5855472490384983, 3.5090197800020584, 3.4413615414477436, 3.3835438432440683, 3.332166298070723, 3.287637046129545, 3.2470020848732153, 3.2242376954079184, 3.1940141428282542, 3.1687936633533695, 3.146808678305164, 3.1288035379527535], "acc": [0.05490976173541963, 0.12268724426258673, 0.17184442270058709, 0.20615771215086284, 0.23526730119195874, 0.2596624266144814, 0.05066456258890469, 0.11600471446361857, 0.1643502045899306, 0.20076498843622131, 0.23096424123821385, 0.25477005870841485, 0.27425057818893434, 0.2910958904109589, 0.3056618039494752, 0.3212395481231098, 0.05346506045519203, 0.05642114153627312, 0.053576191322901846, 0.052420430298719775, 0.054709726173541966, 0.054787517780938835, 0.12296521971179505, 0.17002090375378046, 0.2087373243195161, 0.23666829745596868, 0.26126356520192134, 0.049864420341394024, 0.11596023839174524, 0.1656177726383206, 0.20030910869951965, 0.2305083615015122, 0.2562377690802348, 0.27713040384273263, 0.29235233944138056, 0.30948674613058175, 0.32215130759651306, 0.3335371819960861, 0.3450676036292475, 0.35546388542963886, 0.36189067781533535, 0.36906244440491015, 0.3763120441202633, 0.38222736167941646, 0.3867416829745597]}