{"val_loss": [4.851124665676019, 4.675030267564955, 4.506872547997369, 4.225319669634439, 4.187572846282124, 3.991006275306001, 5.160007935303908, 4.786935800899438, 4.766685233215971, 4.020943587528911, 4.07961265898749, 4.3026998246541535, 4.263067311902745, 4.248129386256858, 4.39824676744028, 4.110073834417714, 5.090786664913862], "val_acc": [0.0889423076923077, 0.11493558776167472, 0.14009661835748793, 0.17461755233494364, 0.1949476650563607, 0.21487520128824478, 0.07061298076923077, 0.10718599033816426, 0.12077294685990338, 0.19202898550724637, 0.2000805152979066, 0.18136070853462158, 0.20762882447665057, 0.2056159420289855, 0.19061996779388085, 0.23681561996779388, 0.08143028846153846], "loss": [5.528967872961487, 4.499226333449859, 4.132591278522046, 3.9293319569896323, 3.7908840293541557, 3.6734355469442224, 5.5671154509906575, 4.534796235824772, 4.1631066376279415, 3.950935703773682, 3.801088515983911, 3.6882975322880838, 3.5913466928777606, 3.5131950477670677, 3.4467632943594335, 3.3941883094538534, 5.549241134486191], "acc": [0.05490976173541963, 0.12268724426258673, 0.17184442270058709, 0.20615771215086284, 0.23526730119195874, 0.2596624266144814, 0.05066456258890469, 0.11600471446361857, 0.1643502045899306, 0.20076498843622131, 0.23096424123821385, 0.25477005870841485, 0.27425057818893434, 0.2910958904109589, 0.3056618039494752, 0.3212395481231098, 0.05346506045519203]}